{
  "tintColor" : {
    "green" : 0.92941176891326904,
    "red" : 0.79607844352722168,
    "alpha" : 1,
    "blue" : 0.55686277151107788
  },
  "class" : "CLKComplicationTemplateGraphicCornerGaugeText",
  "gaugeProvider" : {
    "class" : "CLKSimpleGaugeProvider",
    "gaugeStyle" : 1,
    "gaugeFillFraction" : 0.10000000149011612,
    "gaugeColors" : [
      {
        "green" : 0.92941176891326904,
        "red" : 0.79607844352722168,
        "alpha" : 1,
        "blue" : 0.55686277151107788
      }
    ]
  },
  "version" : 30000,
  "outerTextProvider" : {
    "class" : "CLKSimpleTextProvider",
    "text" : "20 days"
  }
}